1001,8,US,Oregon
1002,8,US,Oregon
1003,8,US,Oregon
1004,9,US,Oregon
1005,9,US,Oregon
1006,9,US,Oregon
1007,9,US,Oregon
1008,9,US,Oregon
1009,9,US,Oregon
1010,9,US,Oregon
1011,9,US,Oregon
1012,10,US,Oregon
1013,9,US,Oregon
1014,10,US,Oregon
1015,10,US,Oregon
1016,10,US,Oregon
1017,10,US,Oregon
1018,10,US,Oregon
1019,10,US,Oregon
1020,10,US,Oregon
1021,10,US,Oregon
1022,10,US,Oregon
1023,10,US,Oregon
1024,10,US,Oregon
1025,10,US,Oregon
1026,10,US,Oregon
1027,10,US,Oregon
1028,20,US,Oregon
1029,20,US,Oregon
1030,20,US,Oregon
1031,20,US,Oregon
1032,20,US,Oregon
1033,20,US,Oregon
1034,20,US,Oregon
1035,20,US,Oregon
1036,20,US,Oregon
1037,20,US,Oregon
1038,20,US,Oregon
1039,20,US,Oregon
1040,20,US,Oregon
1041,20,US,Oregon
1042,20,US,Oregon
1043,20,US,Oregon
1044,20,US,Oregon
1045,30,US,Oregon
1046,30,US,Oregon
1047,30,US,Oregon
1048,30,US,Oregon
1049,30,US,Oregon
1050,30,US,Oregon
1051,30,US,Oregon
1052,30,US,Oregon
1053,30,US,Oregon
1054,30,US,Oregon
1055,30,US,Oregon
1056,30,US,Oregon
1057,30,US,Oregon
1058,30,US,Washington
1059,40,US,Washington
1060,40,US,Washington
1061,40,US,Washington
1062,40,US,Washington
1063,40,US,Washington
1064,40,US,Washington
1065,40,US,Washington
1066,40,US,Washington
1067,40,US,Washington
1068,40,US,Washington
1069,40,US,Washington
1070,40,US,Washington
1071,40,US,Washington
1072,50,US,Washington
1073,50,US,Washington
1074,50,US,Washington
1075,50,US,Washington
1076,50,US,Washington
1077,50,US,Washington
1078,50,US,Washington
1079,50,US,Washington
1080,50,US,Washington
1081,50,US,Washington
1082,50,US,Washington
1083,50,US,Washington
1084,50,US,Washington
1101,9,US,Oregon
1102,10,US,Oregon
1103,10,US,Oregon
1104,20,US,Oregon
1105,10,US,Oregon
1107,30,US,Oregon
1108,30,US,Oregon
1115,50,US,Washington
1116,50,US,Washington
1117,50,US,Washington
1118,50,US,Washington
1119,50,US,Washington
1121,50,US,Washington
1122,50,US,Washington
1123,50,US,Washington
1124,50,US,Washington
1125,50,US,Washington
1126,50,US,Washington
1127,50,US,Washington
1128,50,US,Washington
1509,50,US,Washington
1513,50,US,Washington
1515,50,US,Washington
1517,50,US,Washington
1519,50,US,Washington
1522,50,US,Washington
1525,50,US,Washington
1527,50,US,Washington
1528,50,US,Washington
1529,50,US,Washington
1530,50,US,Washington
1531,50,US,Washington
1532,50,US,Washington
1533,50,US,Washington
1534,50,US,Washington
1601,8,US,Oregon
1602,9,US,Oregon
1603,9,US,Oregon
1615,30,US,Washington
1616,40,US,Washington
1617,40,US,Washington
1618,40,US,Washington
1619,50,US,Washington
1620,50,US,Washington
1621,50,US,Washington
1623,50,US,Washington
1624,50,US,Washington
1701,8,US,Oregon
1702,8,US,Oregon
1703,9,US,Oregon
1704,9,US,Oregon
1705,9,US,Oregon
1706,9,US,Oregon
1707,10,US,Oregon
1708,10,US,Oregon
1709,20,US,Oregon
1710,20,US,Oregon
1720,30,US,Washington
1721,40,US,Washington
1722,40,US,Washington
1723,40,US,Washington
1724,50,US,Washington
1725,50,US,Washington
1726,50,US,Washington
1874,40,US,Washington
1875,40,US,Washington
1876,40,US,Washington
1877,40,US,Washington
1878,40,US,Washington
1879,40,US,Washington
1880,40,US,Washington
1881,40,US,Washington
1882,50,US,Washington
1883,50,US,Washington
1884,50,US,Washington
1885,50,US,Washington
1886,50,US,Washington
1887,50,US,Washington
1888,50,US,Washington
1889,50,US,Washington
1890,50,US,Washington
1891,50,US,Washington
1892,50,US,Washington
1894,50,US,Washington
1897,50,US,Washington
1899,50,US,Washington
2001,60,CN,British Columbia
2002,60,CN,British Columbia
2003,60,CN,British Columbia
2004,60,CN,British Columbia
2005,60,CN,British Columbia
2006,60,CN,British Columbia
2007,60,CN,British Columbia
2008,60,CN,British Columbia
2009,60,CN,British Columbia
2010,60,CN,British Columbia
2011,60,CN,British Columbia
2012,60,CN,British Columbia
2013,60,CN,British Columbia
2014,60,CN,British Columbia
2015,60,CN,British Columbia
2016,60,CN,British Columbia
2017,70,CN,British Columbia
2018,70,CN,British Columbia
2019,70,CN,British Columbia
2020,70,CN,British Columbia
2021,70,CN,British Columbia
2023,70,CN,British Columbia
2024,70,CN,British Columbia
2025,70,CN,British Columbia
2026,70,CN,British Columbia
2027,70,CN,British Columbia
2028,70,CN,British Columbia
2029,70,CN,British Columbia
2030,70,CN,British Columbia
2031,80,CN,British Columbia
2032,80,CN,British Columbia
2033,80,CN,British Columbia
2034,80,CN,British Columbia
2035,80,CN,British Columbia
2037,90,CN,British Columbia
2038,90,CN,British Columbia
2038,91,CN,British Columbia
2039,90,CN,British Columbia
2040,91,CN,British Columbia
2041,91,CN,British Columbia
2042,91,CN,British Columbia
2043,91,CN,British Columbia
2044,90,CN,British Columbia
2045,90,CN,British Columbia
2046,91,CN,British Columbia
2047,91,CN,British Columbia
2048,91,CN,British Columbia
2049,90,CN,British Columbia
2050,90,CN,British Columbia
2051,91,CN,British Columbia
2052,91,CN,British Columbia
2053,91,CN,British Columbia
2054,91,CN,British Columbia
2055,91,CN,British Columbia
2056,100,CN,British Columbia
2057,91,CN,British Columbia
2058,91,CN,British Columbia
2059,91,CN,British Columbia
2060,91,CN,British Columbia
2061,91,CN,British Columbia
2062,91,CN,British Columbia
2063,102,CN,British Columbia
2064,102,CN,British Columbia
2065,91,CN,British Columbia
2066,91,CN,British Columbia
2067,91,CN,British Columbia
2067,102,CN,British Columbia
2068,102,CN,British Columbia
2069,102,CN,British Columbia
2070,102,CN,British Columbia
2071,102,CN,British Columbia
2072,102,CN,British Columbia
2073,91,CN,British Columbia
2074,102,CN,British Columbia
2075,102,CN,British Columbia
2076,102,CN,British Columbia
2077,102,CN,British Columbia
2078,91,CN,British Columbia
2079,102,CN,British Columbia
2080,102,CN,British Columbia
2081,102,CN,British Columbia
2082,102,CN,British Columbia
2083,102,CN,British Columbia
2084,102,CN,British Columbia
2085,102,CN,British Columbia
2086,102,CN,British Columbia
2087,102,CN,British Columbia
2088,102,CN,British Columbia
2089,102,CN,British Columbia
2090,102,CN,British Columbia
2091,102,CN,British Columbia
2092,102,CN,British Columbia
2093,110,CN,British Columbia
2093,112,CN,British Columbia
2094,102,CN,British Columbia
2095,102,CN,British Columbia
2096,102,CN,British Columbia
2097,102,CN,British Columbia
2098,112,CN,British Columbia
2099,112,CN,British Columbia
2100,102,CN,British Columbia
2101,102,CN,British Columbia
2102,102,CN,British Columbia
2103,102,CN,British Columbia
2104,102,CN,British Columbia
2105,112,CN,British Columbia
2106,112,CN,British Columbia
2107,112,CN,British Columbia
2108,102,CN,British Columbia
2109,102,CN,British Columbia
2110,102,CN,British Columbia
2111,112,CN,British Columbia
2112,112,CN,British Columbia
2113,112,CN,British Columbia
2114,112,CN,British Columbia
2115,102,CN,British Columbia
2116,102,CN,British Columbia
2117,112,CN,British Columbia
2118,112,CN,British Columbia
2119,112,CN,British Columbia
2120,112,CN,British Columbia
2121,112,CN,British Columbia
2122,112,CN,British Columbia
2123,112,CN,British Columbia
2124,112,CN,British Columbia
2125,112,CN,British Columbia
2126,112,CN,British Columbia
2127,112,CN,British Columbia
2128,112,CN,British Columbia
2129,112,CN,British Columbia
2130,112,CN,British Columbia
2131,112,CN,British Columbia
2132,112,CN,British Columbia
2133,112,CN,British Columbia
2134,112,CN,British Columbia
2135,112,CN,British Columbia
2136,112,CN,British Columbia
2137,112,CN,British Columbia
2138,121,CN,British Columbia
2139,121,CN,British Columbia
2140,121,CN,British Columbia
2141,121,CN,British Columbia
2142,121,CN,British Columbia
2143,130,CN,British Columbia
2144,130,CN,British Columbia
2145,121,CN,British Columbia
2146,130,CN,British Columbia
2147,121,CN,British Columbia
2147,133,CN,British Columbia
2148,121,CN,British Columbia
2149,130,CN,British Columbia
2150,121,CN,British Columbia
2151,130,CN,British Columbia
2152,134,CN,British Columbia
2153,132,CN,British Columbia
2154,132,CN,British Columbia
2155,132,CN,British Columbia
2156,130,CN,British Columbia
2157,131,CN,British Columbia
2158,134,CN,British Columbia
2159,133,CN,British Columbia
2160,133,CN,British Columbia
2161,132,CN,British Columbia
2162,132,CN,British Columbia
2163,132,CN,British Columbia
2164,132,CN,British Columbia
2165,132,CN,British Columbia
2166,135,CN,British Columbia
2167,131,CN,British Columbia
2168,131,CN,British Columbia
2169,134,CN,British Columbia
2170,133,CN,British Columbia
2171,133,CN,British Columbia
2172,132,CN,British Columbia
2201,61,CN,British Columbia
2202,61,CN,British Columbia
2203,61,CN,British Columbia
2204,61,CN,British Columbia
2205,60,CN,British Columbia
2206,61,CN,British Columbia
2207,61,CN,British Columbia
2208,60,CN,British Columbia
2209,60,CN,British Columbia
2210,60,CN,British Columbia
2211,61,CN,British Columbia
2212,61,CN,British Columbia
2213,60,CN,British Columbia
2214,70,CN,British Columbia
2215,61,CN,British Columbia
2216,61,CN,British Columbia
2217,60,CN,British Columbia
2218,70,CN,British Columbia
2219,61,CN,British Columbia
2220,61,CN,British Columbia
2221,70,CN,British Columbia
2222,61,CN,British Columbia
2223,61,CN,British Columbia
2224,61,CN,British Columbia
2225,61,CN,British Columbia
2226,61,CN,British Columbia
2227,61,CN,British Columbia
2228,61,CN,British Columbia
2229,61,CN,British Columbia
2230,61,CN,British Columbia
2231,61,CN,British Columbia
2232,70,CN,British Columbia
2233,80,CN,British Columbia
2234,61,CN,British Columbia
2235,71,CN,British Columbia
2236,61,CN,British Columbia
2237,80,CN,British Columbia
2238,71,CN,British Columbia
2239,71,CN,British Columbia
2240,80,CN,British Columbia
2242,80,CN,British Columbia
2243,71,CN,British Columbia
2244,71,CN,British Columbia
2245,81,CN,British Columbia
2246,81,CN,British Columbia
2247,80,CN,British Columbia
2249,81,CN,British Columbia
2250,81,CN,British Columbia
2251,81,CN,British Columbia
2252,81,CN,British Columbia
2253,90,CN,British Columbia
2254,81,CN,British Columbia
2255,81,CN,British Columbia
2258,90,CN,British Columbia
2259,81,CN,British Columbia
2260,91,CN,British Columbia
2261,100,CN,British Columbia
2262,100,CN,British Columbia
2263,100,CN,British Columbia
2264,92,CN,British Columbia
2265,100,CN,British Columbia
2266,92,CN,British Columbia
2267,92,CN,British Columbia
2268,91,CN,British Columbia
2269,102,CN,British Columbia
2270,92,CN,British Columbia
2271,110,CN,British Columbia
2272,92,CN,British Columbia
2273,110,CN,British Columbia
2274,110,CN,British Columbia
2275,92,CN,British Columbia
2276,102,CN,British Columbia
2277,112,CN,British Columbia
2278,102,CN,British Columbia
2279,103,CN,British Columbia
2280,102,CN,British Columbia
2283,103,CN,British Columbia
2284,112,CN,British Columbia
2285,121,CN,British Columbia
2286,112,CN,British Columbia
2287,112,CN,British Columbia
2288,121,CN,British Columbia
2289,121,CN,British Columbia
2290,120,CN,British Columbia
2291,114,CN,British Columbia
2292,121,CN,British Columbia
2293,120,CN,British Columbia
2294,103,CN,British Columbia
2295,121,CN,British Columbia
2296,121,CN,British Columbia
2297,121,CN,British Columbia
2298,114,CN,British Columbia
2299,112,CN,British Columbia
2300,120,CN,British Columbia
2301,114,CN,British Columbia
2302,121,CN,British Columbia
2303,114,CN,British Columbia
2304,121,CN,British Columbia
2305,121,CN,British Columbia
2306,114,CN,British Columbia
2307,114,CN,British Columbia
2308,121,CN,British Columbia
2309,121,CN,British Columbia
2310,122,CN,British Columbia
2311,121,CN,British Columbia
2312,121,CN,British Columbia
2313,121,CN,British Columbia
2314,133,CN,British Columbia
2315,122,CN,British Columbia
2316,133,CN,British Columbia
2317,122,CN,British Columbia
2318,133,CN,British Columbia
2320,133,CN,British Columbia
2321,130,CN,British Columbia
2322,133,CN,British Columbia
2323,130,CN,British Columbia
2324,133,CN,British Columbia
2325,134,CN,British Columbia
2326,132,CN,British Columbia
2327,133,CN,British Columbia
2328,133,CN,British Columbia
2329,133,CN,British Columbia
2330,131,CN,British Columbia
2331,134,CN,British Columbia
2332,134,CN,British Columbia
2333,134,CN,British Columbia
2334,134,CN,British Columbia
2335,134,CN,British Columbia
2336,122,CN,British Columbia
2337,134,CN,British Columbia
2338,92,CN,British Columbia
2339,81,CN,British Columbia
2340,81,CN,British Columbia
2341,70,CN,British Columbia
2342,80,CN,British Columbia
2343,133,CN,British Columbia
3001,142,US,Alaska
3002,142,US,Alaska
3003,142,US,Alaska
3004,142,US,Alaska
3005,142,US,Alaska
3006,140,US,Alaska
3007,140,US,Alaska
3008,142,US,Alaska
3009,142,US,Alaska
3010,142,US,Alaska
3011,142,US,Alaska
3012,142,US,Alaska
3013,142,US,Alaska
3014,142,US,Alaska
3015,141,US,Alaska
3016,141,US,Alaska
3017,141,US,Alaska
3018,140,US,Alaska
3019,140,US,Alaska
3020,142,US,Alaska
3021,142,US,Alaska
3022,144,US,Alaska
3023,141,US,Alaska
3024,141,US,Alaska
3025,140,US,Alaska
3026,140,US,Alaska
3027,143,US,Alaska
3028,143,US,Alaska
3029,141,US,Alaska
3030,140,US,Alaska
3031,143,US,Alaska
3032,143,US,Alaska
3033,143,US,Alaska
3034,141,US,Alaska
3035,143,US,Alaska
3036,143,US,Alaska
3037,143,US,Alaska
3037,153,US,Alaska
3038,153,US,Alaska
3039,153,US,Alaska
3040,153,US,Alaska
3041,153,US,Alaska
3042,153,US,Alaska
3043,140,US,Alaska
3044,140,US,Alaska
3045,141,US,Alaska
3046,150,US,Alaska
3047,151,US,Alaska
3048,150,US,Alaska
3049,150,US,Alaska
3050,150,US,Alaska
3051,151,US,Alaska
3052,150,US,Alaska
3053,150,US,Alaska
3054,150,US,Alaska
3055,151,US,Alaska
3056,150,US,Alaska
3057,150,US,Alaska
3058,150,US,Alaska
3059,151,US,Alaska
3060,151,US,Alaska
3061,151,US,Alaska
3062,150,US,Alaska
3063,150,US,Alaska
3064,150,US,Alaska
3065,151,US,Alaska
3066,152,US,Alaska
3067,151,US,Alaska
3068,150,US,Alaska
3069,150,US,Alaska
3069,160,US,Alaska
3070,160,US,Alaska
3071,151,US,Alaska
3071,152,US,Alaska
3072,151,US,Alaska
3073,161,US,Alaska
3074,160,US,Alaska
3075,160,US,Alaska
3076,152,US,Alaska
3077,161,US,Alaska
3078,160,US,Alaska
3079,160,US,Alaska
3080,160,US,Alaska
3081,152,US,Alaska
3082,161,US,Alaska
3083,160,US,Alaska
3084,160,US,Alaska
3085,160,US,Alaska
3086,160,US,Alaska
3087,160,US,Alaska
3088,162,US,Alaska
3089,160,US,Alaska
3090,162,US,Alaska
3091,162,US,Alaska
3092,170,US,Alaska
3093,162,US,Alaska
3094,162,US,Alaska
3095,162,US,Alaska
3096,161,US,Alaska
3097,170,US,Alaska
3098,170,US,Alaska
3099,163,US,Alaska
3100,163,US,Alaska
3101,171,US,Alaska
3102,170,US,Alaska
3103,170,US,Alaska
3104,163,US,Alaska
3104,173,US,Alaska
3105,171,US,Alaska
3106,170,US,Alaska
3107,173,US,Alaska
3108,170,US,Alaska
3109,173,US,Alaska
3110,181,US,Alaska
3111,181,US,Alaska
3112,173,US,Alaska
3113,181,US,Alaska
3114,171,US,Alaska
3115,182,US,Alaska
3116,181,US,Alaska
3117,173,US,Alaska
3118,173,US,Alaska
3119,182,US,Alaska
3120,181,US,Alaska
3120,182,US,Alaska
3121,171,US,Alaska
3121,173,US,Alaska
3122,171,US,Alaska
3123,183,US,Alaska
3124,183,US,Alaska
3201,140,US,Alaska
3202,142,US,Alaska
3203,140,US,Alaska
3204,142,US,Alaska
3205,144,US,Alaska
3206,143,US,Alaska
3207,143,US,Alaska
3208,150,US,Alaska
3209,143,US,Alaska
3210,142,US,Alaska
3211,151,US,Alaska
3212,151,US,Alaska
3213,151,US,Alaska
3214,151,US,Alaska
3215,160,US,Alaska
3216,151,US,Alaska
3217,152,US,Alaska
3218,160,US,Alaska
3219,161,US,Alaska
3220,152,US,Alaska
3221,152,US,Alaska
3222,161,US,Alaska
3223,152,US,Alaska
3224,161,US,Alaska
3225,160,US,Alaska
3226,170,US,Alaska
3227,162,US,Alaska
3228,161,US,Alaska
3230,170,US,Alaska
3231,171,US,Alaska
3232,170,US,Alaska
3233,170,US,Alaska
3234,173,US,Alaska
3235,170,US,Alaska
3236,173,US,Alaska
3237,171,US,Alaska
3238,173,US,Alaska
3239,182,US,Alaska
3240,184,US,Alaska
3241,184,US,Alaska
3242,183,US,Alaska
3243,183,US,Alaska
3244,142,US,Alaska
3245,152,US,Alaska
3246,171,US,Alaska
3247,184,US,Alaska
3248,183,US,Alaska
4001,185,US,Alaska
4002,185,US,Alaska
4003,185,US,Alaska
4004,185,US,Alaska
4005,185,US,Alaska
4006,185,US,Alaska
4007,185,US,Alaska
4008,185,US,Alaska
4009,185,US,Alaska
4010,185,US,Alaska
4011,185,US,Alaska
4012,190,US,Alaska
4013,185,US,Alaska
4014,185,US,Alaska
4015,185,US,Alaska
4016,185,US,Alaska
4017,190,US,Alaska
4018,190,US,Alaska
4019,190,US,Alaska
4020,190,US,Alaska
4021,185,US,Alaska
4022,185,US,Alaska
4023,190,US,Alaska
4024,190,US,Alaska
4025,190,US,Alaska
4026,190,US,Alaska
4027,190,US,Alaska
4028,190,US,Alaska
4029,190,US,Alaska
4030,190,US,Alaska
4031,190,US,Alaska
4032,190,US,Alaska
4033,190,US,Alaska
4034,190,US,Alaska
4035,200,US,Alaska
4036,190,US,Alaska
4037,190,US,Alaska
4038,190,US,Alaska
4039,190,US,Alaska
4040,190,US,Alaska
4041,200,US,Alaska
4042,200,US,Alaska
4043,190,US,Alaska
4044,190,US,Alaska
4045,190,US,Alaska
4046,190,US,Alaska
4047,200,US,Alaska
4048,190,US,Alaska
4049,200,US,Alaska
4051,200,US,Alaska
4052,200,US,Alaska
4053,200,US,Alaska
4054,200,US,Alaska
4055,200,US,Alaska
4056,200,US,Alaska
4057,200,US,Alaska
4058,200,US,Alaska
4059,200,US,Alaska
4060,200,US,Alaska
4061,200,US,Alaska
4062,200,US,Alaska
4063,210,US,Alaska
4064,200,US,Alaska
4065,200,US,Alaska
4066,200,US,Alaska
4067,200,US,Alaska
4068,200,US,Alaska
4069,210,US,Alaska
4070,210,US,Alaska
4071,210,US,Alaska
4072,200,US,Alaska
4073,200,US,Alaska
4074,200,US,Alaska
4075,200,US,Alaska
4076,210,US,Alaska
4077,210,US,Alaska
4078,210,US,Alaska
4079,200,US,Alaska
4080,210,US,Alaska
4081,210,US,Alaska
4082,210,US,Alaska
4083,210,US,Alaska
4084,210,US,Alaska
4085,210,US,Alaska
4086,220,US,Alaska
4087,220,US,Alaska
4088,220,US,Alaska
4089,220,US,Alaska
4090,220,US,Alaska
4091,220,US,Alaska
4092,210,US,Alaska
4093,210,US,Alaska
4094,210,US,Alaska
4095,220,US,Alaska
4096,220,US,Alaska
4097,220,US,Alaska
4098,220,US,Alaska
4099,220,US,Alaska
4100,210,US,Alaska
4101,220,US,Alaska
4102,230,US,Alaska
4103,230,US,Alaska
4104,240,US,Alaska
4105,240,US,Alaska
4106,230,US,Alaska
4107,230,US,Alaska
4108,230,US,Alaska
4109,240,US,Alaska
4110,240,US,Alaska
4111,240,US,Alaska
4112,230,US,Alaska
4113,230,US,Alaska
4114,230,US,Alaska
4115,230,US,Alaska
4116,240,US,Alaska
4117,240,US,Alaska
4118,240,US,Alaska
4119,230,US,Alaska
4120,230,US,Alaska
4121,230,US,Alaska
4122,230,US,Alaska
4123,240,US,Alaska
4124,240,US,Alaska
4125,220,US,Alaska
4126,230,US,Alaska
4127,230,US,Alaska
4128,230,US,Alaska
4129,230,US,Alaska
4130,230,US,Alaska
4131,240,US,Alaska
4132,230,US,Alaska
4133,230,US,Alaska
4134,230,US,Alaska
4135,242,US,Alaska
4136,242,US,Alaska
4137,242,US,Alaska
4138,232,US,Alaska
4139,232,US,Alaska
4140,242,US,Alaska
4141,242,US,Alaska
4142,242,US,Alaska
4143,232,US,Alaska
4144,242,US,Alaska
4145,242,US,Alaska
4146,242,US,Alaska
4147,250,US,Alaska
4148,250,US,Alaska
4149,240,US,Alaska
4150,250,US,Alaska
4151,250,US,Alaska
4152,250,US,Alaska
4153,240,US,Alaska
4154,240,US,Alaska
4155,250,US,Alaska
4156,250,US,Alaska
4157,250,US,Alaska
4158,250,US,Alaska
4159,240,US,Alaska
4160,240,US,Alaska
4161,240,US,Alaska
4162,250,US,Alaska
4163,250,US,Alaska
4164,250,US,Alaska
4165,250,US,Alaska
4166,250,US,Alaska
4167,240,US,Alaska
4168,240,US,Alaska
4169,240,US,Alaska
4170,240,US,Alaska
4171,250,US,Alaska
4172,250,US,Alaska
4173,250,US,Alaska
4174,250,US,Alaska
4175,250,US,Alaska
4176,240,US,Alaska
4177,240,US,Alaska
4178,240,US,Alaska
4179,250,US,Alaska
4180,240,US,Alaska
4181,250,US,Alaska
4182,250,US,Alaska
4183,250,US,Alaska
4184,240,US,Alaska
4185,240,US,Alaska
4186,240,US,Alaska
4187,250,US,Alaska
4188,250,US,Alaska
4189,250,US,Alaska
4190,240,US,Alaska
4191,240,US,Alaska
4192,240,US,Alaska
4193,250,US,Alaska
4194,250,US,Alaska
4195,250,US,Alaska
4196,250,US,Alaska
4197,250,US,Alaska
4198,260,US,Alaska
4199,260,US,Alaska
4200,250,US,Alaska
4201,250,US,Alaska
4202,250,US,Alaska
4203,250,US,Alaska
4204,260,US,Alaska
4205,260,US,Alaska
4206,260,US,Alaska
4207,250,US,Alaska
4208,250,US,Alaska
4209,250,US,Alaska
4210,250,US,Alaska
4211,260,US,Alaska
4212,260,US,Alaska
4213,260,US,Alaska
4214,260,US,Alaska
4215,250,US,Alaska
4216,250,US,Alaska
4217,250,US,Alaska
4218,260,US,Alaska
4219,260,US,Alaska
4220,260,US,Alaska
4221,260,US,Alaska
4222,250,US,Alaska
4223,250,US,Alaska
4224,260,US,Alaska
4225,260,US,Alaska
4226,260,US,Alaska
4227,260,US,Alaska
4228,260,US,Alaska
4229,250,US,Alaska
4230,250,US,Alaska
4231,260,US,Alaska
4232,260,US,Alaska
4233,260,US,Alaska
4234,260,US,Alaska
4235,250,US,Alaska
4236,260,US,Alaska
4237,260,US,Alaska
4238,260,US,Alaska
4239,250,US,Alaska
4240,270,US,Alaska
4241,260,US,Alaska
4242,270,US,Alaska
4243,270,US,Alaska
4244,260,US,Alaska
4245,260,US,Alaska
4246,260,US,Alaska
4247,270,US,Alaska
4248,270,US,Alaska
4249,270,US,Alaska
4250,260,US,Alaska
4251,260,US,Alaska
4252,260,US,Alaska
4253,260,US,Alaska
4254,260,US,Alaska
4255,270,US,Alaska
4256,270,US,Alaska
4257,270,US,Alaska
4258,270,US,Alaska
4259,260,US,Alaska
4260,260,US,Alaska
4261,260,US,Alaska
4262,260,US,Alaska
4263,260,US,Alaska
4264,260,US,Alaska
4265,270,US,Alaska
4266,270,US,Alaska
4267,270,US,Alaska
4268,270,US,Alaska
4269,260,US,Alaska
4270,260,US,Alaska
4271,260,US,Alaska
4272,260,US,Alaska
4273,270,US,Alaska
4274,270,US,Alaska
4275,260,US,Alaska
4276,260,US,Alaska
4277,260,US,Alaska
4278,270,US,Alaska
4279,260,US,Alaska
4280,260,US,Alaska
4281,260,US,Alaska
4282,260,US,Alaska
4283,260,US,Alaska
4284,260,US,Alaska
4285,260,US,Alaska
4286,280,US,Alaska
4287,280,US,Alaska
4288,280,US,Alaska
4289,280,US,Alaska
4290,280,US,Alaska
4291,280,US,Alaska
4292,280,US,Alaska
4293,280,US,Alaska
4294,280,US,Alaska
4295,280,US,Alaska
4296,280,US,Alaska
4297,280,US,Alaska
4298,280,US,Alaska
4299,280,US,Alaska
4300,280,US,Alaska
4301,280,US,Alaska
4302,280,US,Alaska
4303,280,US,Alaska
4304,280,US,Alaska
4305,280,US,Alaska
4306,280,US,Alaska
4307,280,US,Alaska
4308,280,US,Alaska
4309,270,US,Alaska
4310,280,US,Alaska
4311,280,US,Alaska
4312,280,US,Alaska
4313,280,US,Alaska
4314,270,US,Alaska
4315,270,US,Alaska
4316,270,US,Alaska
4317,270,US,Alaska
4318,280,US,Alaska
4319,280,US,Alaska
4320,270,US,Alaska
4321,270,US,Alaska
4322,270,US,Alaska
4323,270,US,Alaska
4324,270,US,Alaska
4325,270,US,Alaska
4326,270,US,Alaska
4327,270,US,Alaska
4328,270,US,Alaska
4329,270,US,Alaska
4330,270,US,Alaska
4331,281,US,Alaska
4332,281,US,Alaska
4333,281,US,Alaska
4334,281,US,Alaska
4335,281,US,Alaska
4336,281,US,Alaska
4337,281,US,Alaska
4338,281,US,Alaska
4339,281,US,Alaska
4340,281,US,Alaska
4341,271,US,Alaska
4342,271,US,Alaska
4343,281,US,Alaska
4344,271,US,Alaska
4345,271,US,Alaska
4346,271,US,Alaska
4347,271,US,Alaska
4348,271,US,Alaska
4349,271,US,Alaska
4350,271,US,Alaska
4351,271,US,Alaska
4352,271,US,Alaska
4353,261,US,Alaska
4354,271,US,Alaska
4355,271,US,Alaska
4356,260,US,Alaska
4357,261,US,Alaska
4358,261,US,Alaska
4359,271,US,Alaska
4360,261,US,Alaska
4361,261,US,Alaska
4362,261,US,Alaska
4363,261,US,Alaska
4364,261,US,Alaska
4365,261,US,Alaska
4366,261,US,Alaska
4367,261,US,Alaska
4368,261,US,Alaska
4369,261,US,Alaska
4370,261,US,Alaska
4371,261,US,Alaska
4372,261,US,Alaska
4373,261,US,Alaska
4374,261,US,Alaska
4375,261,US,Alaska
4501,185,US,Alaska
4502,185,US,Alaska
4503,200,US,Alaska
4504,200,US,Alaska
4505,200,US,Alaska
4506,200,US,Alaska
4507,220,US,Alaska
4508,220,US,Alaska
4509,220,US,Alaska
4510,210,US,Alaska
4511,210,US,Alaska
4512,200,US,Alaska
4513,200,US,Alaska
4514,200,US,Alaska
4515,200,US,Alaska
4516,210,US,Alaska
4517,210,US,Alaska
4518,220,US,Alaska
4519,220,US,Alaska
4520,210,US,Alaska
4521,210,US,Alaska
4522,230,US,Alaska
4523,230,US,Alaska
4524,230,US,Alaska
4525,230,US,Alaska
4526,230,US,Alaska
4527,230,US,Alaska
4528,230,US,Alaska
4529,220,US,Alaska
4530,230,US,Alaska
4531,230,US,Alaska
4532,230,US,Alaska
4533,230,US,Alaska
4534,230,US,Alaska
4535,220,US,Alaska
4536,242,US,Alaska
4537,230,US,Alaska
4538,232,US,Alaska
4539,242,US,Alaska
4540,242,US,Alaska
4541,242,US,Alaska
4542,232,US,Alaska
4543,242,US,Alaska
4544,242,US,Alaska
4545,250,US,Alaska
4546,250,US,Alaska
4547,240,US,Alaska
4548,240,US,Alaska
4549,250,US,Alaska
4550,260,US,Alaska
4551,260,US,Alaska
4552,270,US,Alaska
4553,270,US,Alaska
4554,270,US,Alaska
4555,260,US,Alaska
4556,281,US,Alaska
4557,281,US,Alaska
4558,281,US,Alaska
4559,281,US,Alaska
4560,281,US,Alaska
4561,281,US,Alaska
4562,281,US,Alaska
4563,271,US,Alaska
4564,271,US,Alaska
4565,261,US,Alaska
4566,261,US,Alaska
4567,261,US,Alaska
4568,261,US,Alaska
4569,261,US,Alaska
4570,261,US,Alaska
4571,261,US,Alaska
4572,261,US,Alaska
4573,261,US,Alaska
4574,261,US,Alaska
4575,261,US,Alaska
4576,261,US,Alaska
4577,261,US,Alaska
4578,261,US,Alaska
4579,261,US,Alaska
4580,261,US,Alaska
4581,261,US,Alaska
4582,261,US,Alaska
4583,280,US,Alaska
4584,270,US,Alaska
4585,280,US,Alaska
4586,280,US,Alaska
4587,270,US,Alaska
4588,270,US,Alaska
4589,270,US,Alaska
5001,290,US,Alaska
5002,290,US,Alaska
5003,290,US,Alaska
5004,290,US,Alaska
5005,290,US,Alaska
5006,290,US,Alaska
5007,290,US,Alaska
5008,290,US,Alaska
5009,290,US,Alaska
5010,290,US,Alaska
5011,290,US,Alaska
5013,290,US,Alaska
5014,290,US,Alaska
5015,290,US,Alaska
5016,290,US,Alaska
5017,290,US,Alaska
5018,290,US,Alaska
5019,290,US,Alaska
5020,290,US,Alaska
5021,290,US,Alaska
5022,290,US,Alaska
5023,290,US,Alaska
5024,290,US,Alaska
5025,290,US,Alaska
5026,290,US,Alaska
5027,290,US,Alaska
5028,290,US,Alaska
5029,290,US,Alaska
5030,290,US,Alaska
5031,290,US,Alaska
5032,290,US,Alaska
5033,290,US,Alaska
5034,290,US,Alaska
5035,290,US,Alaska
5036,290,US,Alaska
5037,290,US,Alaska
5038,290,US,Alaska
5039,290,US,Alaska
5040,290,US,Alaska
5041,290,US,Alaska
5042,290,US,Alaska
5043,290,US,Alaska
5044,290,US,Alaska
5045,290,US,Alaska
5046,290,US,Alaska
5047,290,US,Alaska
5048,290,US,Alaska
5096,310,US,Alaska
5097,310,US,Alaska
5098,310,US,Alaska
5099,310,US,Alaska
5100,310,US,Alaska
5101,310,US,Alaska
5102,300,US,Alaska
5103,300,US,Alaska
5104,300,US,Alaska
5105,310,US,Alaska
5106,310,US,Alaska
5107,310,US,Alaska
5108,310,US,Alaska
5109,300,US,Alaska
5110,300,US,Alaska
5111,310,US,Alaska
5112,310,US,Alaska
5113,310,US,Alaska
5114,310,US,Alaska
5115,310,US,Alaska
5116,300,US,Alaska
5117,300,US,Alaska
5118,300,US,Alaska
5119,310,US,Alaska
5120,310,US,Alaska
5121,310,US,Alaska
5122,310,US,Alaska
5123,300,US,Alaska
5124,300,US,Alaska
5125,300,US,Alaska
5126,310,US,Alaska
5127,310,US,Alaska
5128,300,US,Alaska
5129,310,US,Alaska
5130,300,US,Alaska
5131,300,US,Alaska
5132,310,US,Alaska
5133,310,US,Alaska
5134,310,US,Alaska
5135,300,US,Alaska
5136,300,US,Alaska
5137,310,US,Alaska
5138,300,US,Alaska
5139,310,US,Alaska
5140,300,US,Alaska
5141,320,US,Alaska
5142,320,US,Alaska
5143,320,US,Alaska
5144,320,US,Alaska
5145,320,US,Alaska
5146,310,US,Alaska
5147,320,US,Alaska
5148,320,US,Alaska
5149,320,US,Alaska
5150,320,US,Alaska
5151,320,US,Alaska
5152,320,US,Alaska
5153,310,US,Alaska
5154,310,US,Alaska
5155,310,US,Alaska
5156,320,US,Alaska
5157,320,US,Alaska
5158,320,US,Alaska
5159,320,US,Alaska
5160,310,US,Alaska
5161,310,US,Alaska
5162,320,US,Alaska
5163,320,US,Alaska
5164,320,US,Alaska
5165,320,US,Alaska
5166,310,US,Alaska
5167,310,US,Alaska
5168,310,US,Alaska
5169,320,US,Alaska
5170,310,US,Alaska
5171,310,US,Alaska
5172,320,US,Alaska
5173,320,US,Alaska
5174,320,US,Alaska
5175,310,US,Alaska
5176,310,US,Alaska
5177,320,US,Alaska
5178,320,US,Alaska
5179,320,US,Alaska
5181,310,US,Alaska
5182,310,US,Alaska
5183,320,US,Alaska
5184,310,US,Alaska
5185,310,US,Alaska
5186,340,US,Alaska
5187,340,US,Alaska
5188,340,US,Alaska
5189,330,US,Alaska
5190,330,US,Alaska
5191,340,US,Alaska
5192,340,US,Alaska
5193,340,US,Alaska
5194,320,US,Alaska
5195,330,US,Alaska
5196,330,US,Alaska
5197,330,US,Alaska
5198,330,US,Alaska
5199,330,US,Alaska
5200,330,US,Alaska
5201,330,US,Alaska
5202,340,US,Alaska
5203,340,US,Alaska
5204,340,US,Alaska
5205,340,US,Alaska
5206,320,US,Alaska
5207,330,US,Alaska
5208,330,US,Alaska
5209,330,US,Alaska
5210,330,US,Alaska
5211,330,US,Alaska
5212,330,US,Alaska
5213,340,US,Alaska
5214,340,US,Alaska
5215,340,US,Alaska
5216,340,US,Alaska
5217,340,US,Alaska
5218,320,US,Alaska
5219,330,US,Alaska
5220,330,US,Alaska
5221,330,US,Alaska
5222,330,US,Alaska
5223,330,US,Alaska
5224,340,US,Alaska
5225,320,US,Alaska
5226,330,US,Alaska
5227,330,US,Alaska
5228,330,US,Alaska
5229,340,US,Alaska
5230,340,US,Alaska
5231,330,US,Alaska
5232,330,US,Alaska
5233,320,US,Alaska
5234,300,US,Alaska
5235,300,US,Alaska
5236,300,US,Alaska
5237,300,US,Alaska
5238,300,US,Alaska
5239,300,US,Alaska
5240,300,US,Alaska
5241,300,US,Alaska
5242,300,US,Alaska
5243,300,US,Alaska
5244,290,US,Alaska
5245,300,US,Alaska
5246,300,US,Alaska
5247,300,US,Alaska
5248,300,US,Alaska
5249,300,US,Alaska
5250,300,US,Alaska
5251,300,US,Alaska
5252,300,US,Alaska
5253,300,US,Alaska
5254,300,US,Alaska
5255,300,US,Alaska
5256,300,US,Alaska
5257,300,US,Alaska
5258,300,US,Alaska
5259,300,US,Alaska
5260,300,US,Alaska
5261,290,US,Alaska
5262,300,US,Alaska
5263,300,US,Alaska
5264,300,US,Alaska
5265,300,US,Alaska
5266,300,US,Alaska
5267,300,US,Alaska
5268,290,US,Alaska
5269,300,US,Alaska
5270,300,US,Alaska
5271,300,US,Alaska
5272,300,US,Alaska
5273,290,US,Alaska
5274,300,US,Alaska
5275,300,US,Alaska
5276,300,US,Alaska
5277,290,US,Alaska
5278,290,US,Alaska
5279,300,US,Alaska
5280,290,US,Alaska
5501,290,US,Alaska
5502,290,US,Alaska
5503,290,US,Alaska
5504,290,US,Alaska
5505,290,US,Alaska
5506,290,US,Alaska
5507,290,US,Alaska
5508,290,US,Alaska
5509,290,US,Alaska
5510,290,US,Alaska
5512,290,US,Alaska
5513,300,US,Alaska
5514,290,US,Alaska
5515,300,US,Alaska
5516,290,US,Alaska
5517,290,US,Alaska
5518,300,US,Alaska
5519,290,US,Alaska
5520,300,US,Alaska
5521,300,US,Alaska
5522,300,US,Alaska
5523,300,US,Alaska
5524,290,US,Alaska
5525,290,US,Alaska
5526,310,US,Alaska
5527,310,US,Alaska
5528,310,US,Alaska
5529,300,US,Alaska
5530,320,US,Alaska
5531,320,US,Alaska
5532,320,US,Alaska
5533,320,US,Alaska
5534,320,US,Alaska
5535,320,US,Alaska
5536,320,US,Alaska
5537,320,US,Alaska
5538,320,US,Alaska
5539,320,US,Alaska
5540,320,US,Alaska
5541,340,US,Alaska
5542,340,US,Alaska
5543,340,US,Alaska
5544,330,US,Alaska
5545,340,US,Alaska
5546,340,US,Alaska
5547,340,US,Alaska
5548,340,US,Alaska
5549,340,US,Alaska
5550,340,US,Alaska
5551,340,US,Alaska
5552,340,US,Alaska
5553,340,US,Alaska
5555,330,US,Alaska
5556,330,US,Alaska
5557,330,US,Alaska
5558,330,US,Alaska
5559,330,US,Alaska
5560,330,US,Alaska
5561,340,US,Alaska
5562,330,US,Alaska
5563,330,US,Alaska
5564,330,US,Alaska
5565,330,US,Alaska
5566,320,US,Alaska
5567,330,US,Alaska
600,6,US,California
6001,380,US,Alaska
6002,380,US,Alaska
6003,390,US,Alaska
6004,380,US,Alaska
6005,380,US,Alaska
6006,380,US,Alaska
6007,380,US,Alaska
6008,390,US,Alaska
6009,523171,US,Alaska
601,7,US,California
6010,370,US,Alaska
6011,380,US,Alaska
6012,523170,US,Alaska
6013,523171,US,Alaska
6014,523171,US,Alaska
6015,370,US,Alaska
6016,370,US,Alaska
6017,370,US,Alaska
6018,370,US,Alaska
6019,530169,US,Alaska
6020,530169,US,Alaska
6021,530170,US,Alaska
6022,360,US,Alaska
6023,370,US,Alaska
6024,370,US,Alaska
6025,370,US,Alaska
6026,370,US,Alaska
6027,530168,US,Alaska
6028,530169,US,Alaska
6029,360,US,Alaska
6030,360,US,Alaska
6031,360,US,Alaska
6032,360,US,Alaska
6033,370,US,Alaska
6034,530168,US,Alaska
6035,360,US,Alaska
6036,360,US,Alaska
6037,360,US,Alaska
6038,533167,US,Alaska
6039,350,US,Alaska
6040,350,US,Alaska
6041,350,US,Alaska
6042,350,US,Alaska
6043,350,US,Alaska
6044,360,US,Alaska
6045,533167,US,Alaska
6046,533167,US,Alaska
6047,350,US,Alaska
6048,350,US,Alaska
6049,350,US,Alaska
6050,350,US,Alaska
6051,350,US,Alaska
6052,350,US,Alaska
6053,350,US,Alaska
6054,360,US,Alaska
6055,360,US,Alaska
6056,360,US,Alaska
6057,350,US,Alaska
6058,350,US,Alaska
6059,350,US,Alaska
6060,350,US,Alaska
6061,350,US,Alaska
6062,350,US,Alaska
6063,350,US,Alaska
6064,350,US,Alaska
6065,350,US,Alaska
6066,350,US,Alaska
6067,440,US,Alaska
6069,430,US,Alaska
6070,440,US,Alaska
6071,440,US,Alaska
6072,420,US,Alaska
6073,420,US,Alaska
6074,420,US,Alaska
6075,430,US,Alaska
6076,430,US,Alaska
6077,430,US,Alaska
6078,440,US,Alaska
6079,410,US,Alaska
6080,410,US,Alaska
6081,420,US,Alaska
6082,420,US,Alaska
6083,420,US,Alaska
6084,420,US,Alaska
6085,400,US,Alaska
6086,410,US,Alaska
6087,410,US,Alaska
6088,410,US,Alaska
6089,410,US,Alaska
6090,410,US,Alaska
6091,520176,US,Alaska
6092,520279,US,Alaska
6093,400,US,Alaska
6094,520173,US,Alaska
6095,520173,US,Alaska
6096,520173,US,Alaska
6097,520174,US,Alaska
6098,520174,US,Alaska
6099,520175,US,Alaska
6100,520175,US,Alaska
6101,520279,US,Alaska
6102,520179,US,Alaska
6103,520279,US,Alaska
6104,520179,US,Alaska
6105,520173,US,Alaska
6106,520179,US,Alaska
6107,520279,US,Alaska
6108,520179,US,Alaska
6109,523173,US,Alaska
6110,523179,US,Alaska
6111,523279,US,Alaska
6112,523179,US,Alaska
6113,450,US,Alaska
6114,460,US,Alaska
6115,450,US,Alaska
6116,470,US,Alaska
6117,460,US,Alaska
6118,460,US,Alaska
6119,470,US,Alaska
6120,470,US,Alaska
6121,460,US,Alaska
6122,513277,US,Alaska
6123,513278,US,Alaska
6124,470,US,Alaska
6125,470,US,Alaska
6126,520277,US,Alaska
6127,520277,US,Alaska
6128,520278,US,Alaska
6129,490,US,Alaska
6130,480,US,Alaska
6131,480,US,Alaska
6132,490,US,Alaska
6133,490,US,Alaska
6134,480,US,Alaska
6135,480,US,Alaska
6137,490,US,Alaska
6138,490,US,Alaska
6139,490,US,Alaska
6140,480,US,Alaska
6141,480,US,Alaska
6142,523274,US,Alaska
6143,523274,US,Alaska
6144,490,US,Alaska
6145,490,US,Alaska
6146,490,US,Alaska
6147,490,US,Alaska
6148,523274,US,Alaska
6149,523274,US,Alaska
6150,500,US,Alaska
6151,500,US,Alaska
6152,490,US,Alaska
6153,523273,US,Alaska
6154,500,US,Alaska
6155,530272,US,Alaska
6156,500,US,Alaska
6157,510,US,Alaska
6201,360,US,Alaska
6202,533167,US,Alaska
6203,533167,US,Alaska
6204,533166,US,Alaska
6205,533166,US,Alaska
6206,350,US,Alaska
6207,350,US,Alaska
6208,540166,US,Alaska
6209,350,US,Alaska
6210,350,US,Alaska
6211,350,US,Alaska
6212,540165,US,Alaska
6213,540165,US,Alaska
6214,540165,US,Alaska
6215,395,US,Alaska
6216,390,US,Alaska
6217,390,US,Alaska
6218,390,US,Alaska
6219,390,US,Alaska
6220,390,US,Alaska
6221,395,US,Alaska
6222,390,US,Alaska
6223,390,US,Alaska
6224,390,US,Alaska
6225,390,US,Alaska
6226,380,US,Alaska
6227,380,US,Alaska
6228,390,US,Alaska
6229,523171,US,Alaska
6230,523171,US,Alaska
6231,523169,US,Alaska
6232,523170,US,Alaska
6233,523171,US,Alaska
6234,420,US,Alaska
6235,410,US,Alaska
6236,410,US,Alaska
6237,520175,US,Alaska
6238,520175,US,Alaska
6239,400,US,Alaska
6240,400,US,Alaska
6241,400,US,Alaska
6242,400,US,Alaska
6243,400,US,Alaska
6244,520173,US,Alaska
6245,400,US,Alaska
6246,400,US,Alaska
6247,400,US,Alaska
6248,400,US,Alaska
6249,520172,US,Alaska
6250,520172,US,Alaska
6251,523172,US,Alaska
6252,450,US,Alaska
6253,450,US,Alaska
6254,440,US,Alaska
6255,440,US,Alaska
6256,450,US,Alaska
6257,450,US,Alaska
6258,430,US,Alaska
6259,430,US,Alaska
6260,513278,US,Alaska
6261,513178,US,Alaska
6262,513278,US,Alaska
6263,470,US,Alaska
6264,470,US,Alaska
6265,520276,US,Alaska
6266,520276,US,Alaska
6267,520276,US,Alaska
6268,520276,US,Alaska
6269,513279,US,Alaska
6270,513278,US,Alaska
6271,520179,US,Alaska
6272,520279,US,Alaska
6273,520179,US,Alaska
6274,533279,US,Alaska
6275,533179,US,Alaska
6276,540279,US,Alaska
6277,540279,US,Alaska
6278,540279,US,Alaska
6279,543279,US,Alaska
6280,543278,US,Alaska
6281,470,US,Alaska
6282,490,US,Alaska
6283,523274,US,Alaska
6284,523273,US,Alaska
6285,500,US,Alaska
6286,523273,US,Alaska
6601,523169,US,Alaska
6602,530168,US,Alaska
6604,513176,US,Alaska
6605,420,US,Alaska
6606,410,US,Alaska
6607,520174,US,Alaska
6608,430,US,Alaska
6609,513176,US,Alaska
6610,513176,US,Alaska
6612,523272,US,Alaska
6701,390,US,Alaska
6702,390,US,Alaska
6703,380,US,Alaska
6704,390,US,Alaska
6705,520171,US,Alaska
6706,523171,US,Alaska
6707,370,US,Alaska
6708,523170,US,Alaska
6709,523169,US,Alaska
6710,530168,US,Alaska
6711,430,US,Alaska
6712,420,US,Alaska
6713,520173,US,Alaska
6714,520173,US,Alaska
6715,520173,US,Alaska
6716,520172,US,Alaska
6717,440,US,Alaska
6718,440,US,Alaska
6719,460,US,Alaska
6720,450,US,Alaska
6721,450,US,Alaska
6722,513179,US,Alaska
6723,440,US,Alaska
6724,460,US,Alaska
6725,460,US,Alaska
6726,513178,US,Alaska
6727,513177,US,Alaska
6728,470,US,Alaska
6729,520277,US,Alaska
6731,520277,US,Alaska
6732,513278,US,Alaska
6733,513278,US,Alaska
6734,513278,US,Alaska
6735,513279,US,Alaska
6736,513279,US,Alaska
6737,513278,US,Alaska
6738,513279,US,Alaska
6739,520278,US,Alaska
6740,520279,US,Alaska
6741,523179,US,Alaska
6742,523179,US,Alaska
6743,530179,US,Alaska
6744,530179,US,Alaska
6745,533179,US,Alaska
6746,533279,US,Alaska
6747,533179,US,Alaska
6748,540279,US,Alaska
6749,540279,US,Alaska
6750,543276,US,Alaska
6751,543278,US,Alaska
6752,543278,US,Alaska
6753,543276,US,Alaska
6754,543276,US,Alaska
6755,543278,US,Alaska
6756,543276,US,Alaska
6757,543276,US,Alaska
6758,470,US,Alaska
6759,480,US,Alaska
6760,480,US,Alaska
6761,480,US,Alaska
6762,480,US,Alaska
6763,520275,US,Alaska
6764,490,US,Alaska
6765,500,US,Alaska
6766,470,US,Alaska
6767,520275,US,Alaska
7001,543165,US,Alaska
7002,543166,US,Alaska
7003,543166,US,Alaska
7004,543166,US,Alaska
7006,543165,US,Alaska
7007,543165,US,Alaska
7008,543166,US,Alaska
7009,543166,US,Alaska
701,6,US,California
7010,543166,US,Alaska
7011,543166,US,Alaska
7012,543167,US,Alaska
7013,543165,US,Alaska
7014,543165,US,Alaska
7015,543166,US,Alaska
7016,543166,US,Alaska
7017,543166,US,Alaska
7018,543166,US,Alaska
7019,543167,US,Alaska
702,7,US,California
7021,550166,US,Alaska
7022,550166,US,Alaska
7023,550167,US,Alaska
7024,550167,US,Alaska
7025,550166,US,Alaska
7026,550166,US,Alaska
7027,550167,US,Alaska
7028,550167,US,Alaska
7029,550167,US,Alaska
703,7,US,California
7030,550167,US,Alaska
7031,550168,US,Alaska
7032,553168,US,Alaska
7033,553168,US,Alaska
7034,553168,US,Alaska
7035,553168,US,Alaska
7036,553168,US,Alaska
7037,560168,US,Alaska
7038,560168,US,Alaska
7039,560169,US,Alaska
704,7,US,California
7040,560170,US,Alaska
7041,560168,US,Alaska
7042,560168,US,Alaska
7043,560168,US,Alaska
7044,560168,US,Alaska
7045,560169,US,Alaska
7046,560170,US,Alaska
7047,560168,US,Alaska
7048,560168,US,Alaska
7049,560169,US,Alaska
7050,563171,US,Alaska
7051,563171,US,Alaska
7052,563171,US,Alaska
7053,563173,US,Alaska
7054,563173,US,Alaska
7055,570173,US,Alaska
7056,570173,US,Alaska
7057,570173,US,Alaska
7058,570173,US,Alaska
7059,573173,US,Alaska
7060,573173,US,Alaska
7061,580174,US,Alaska
7062,580175,US,Alaska
7063,583174,US,Alaska
7064,583175,US,Alaska
7065,583175,US,Alaska
7067,583174,US,Alaska
7068,583174,US,Alaska
7069,583174,US,Alaska
7070,583174,US,Alaska
7071,583175,US,Alaska
7072,583176,US,Alaska
7073,583177,US,Alaska
7074,583177,US,Alaska
7075,583177,US,Alaska
7076,590177,US,Alaska
7077,590178,US,Alaska
7078,590176,US,Alaska
7079,590177,US,Alaska
7080,590177,US,Alaska
7081,590177,US,Alaska
7082,590178,US,Alaska
7083,590176,US,Alaska
7084,590177,US,Alaska
7085,590177,US,Alaska
7086,593176,US,Alaska
7087,593176,US,Alaska
7088,593177,US,Alaska
7089,593177,US,Alaska
7090,593177,US,Alaska
7091,593178,US,Alaska
7092,593176,US,Alaska
7093,593177,US,Alaska
7094,593177,US,Alaska
7095,593177,US,Alaska
7096,593178,US,Alaska
7097,593177,US,Alaska
7098,593178,US,Alaska
7099,593178,US,Alaska
7201,540165,US,Alaska
7202,543165,US,Alaska
7203,543166,US,Alaska
7204,543166,US,Alaska
7205,550166,US,Alaska
7206,550166,US,Alaska
7207,550166,US,Alaska
7208,550167,US,Alaska
7209,550167,US,Alaska
7210,550166,US,Alaska
7211,550167,US,Alaska
7212,550167,US,Alaska
7213,550167,US,Alaska
7214,553167,US,Alaska
7215,553167,US,Alaska
7216,553167,US,Alaska
7217,553168,US,Alaska
7218,553168,US,Alaska
7219,553168,US,Alaska
7220,553167,US,Alaska
7221,553168,US,Alaska
7222,553168,US,Alaska
7223,553168,US,Alaska
7224,560169,US,Alaska
7225,560170,US,Alaska
7226,560170,US,Alaska
7227,560169,US,Alaska
7228,560170,US,Alaska
7229,560171,US,Alaska
7300,563171,US,Alaska
7301,563172,US,Alaska
7302,563171,US,Alaska
7303,563172,US,Alaska
7304,563171,US,Alaska
7305,563173,US,Alaska
7306,570173,US,Alaska
7307,570172,US,Alaska
7308,570172,US,Alaska
7309,570173,US,Alaska
7310,570173,US,Alaska
7311,570173,US,Alaska
7312,573173,US,Alaska
7313,573174,US,Alaska
7314,573172,US,Alaska
7315,573172,US,Alaska
7316,573174,US,Alaska
7317,583174,US,Alaska
7318,583175,US,Alaska
7319,583174,US,Alaska
7320,583175,US,Alaska
7321,583176,US,Alaska
7322,583175,US,Alaska
7323,583176,US,Alaska
7324,583177,US,Alaska
7325,583177,US,Alaska
7326,590175,US,Alaska
7327,590175,US,Alaska
7328,590176,US,Alaska
7329,590176,US,Alaska
7330,590175,US,Alaska
7331,590176,US,Alaska
7332,593175,US,Alaska
7333,593175,US,Alaska
7334,593176,US,Alaska
7335,593176,US,Alaska
7336,593175,US,Alaska
7337,593176,US,Alaska
7338,593176,US,Alaska
7339,593177,US,Alaska
7340,593177,US,Alaska
7341,593176,US,Alaska
7342,593176,US,Alaska
7343,593176,US,Alaska
7344,593177,US,Alaska
7345,593177,US,Alaska
7346,593178,US,Alaska
7347,593178,US,Alaska
7348,600176,US,Alaska
7349,600177,US,Alaska
7350,600177,US,Alaska
7351,600178,US,Alaska
7352,600178,US,Alaska
7353,600178,US,Alaska
7354,600176,US,Alaska
7355,600177,US,Alaska
7356,600177,US,Alaska
7357,600177,US,Alaska
7358,600178,US,Alaska
7359,600178,US,Alaska
7360,600176,US,Alaska
7361,600176,US,Alaska
7362,600177,US,Alaska
7363,600177,US,Alaska
7364,600177,US,Alaska
7365,600178,US,Alaska
7366,600178,US,Alaska
7367,600178,US,Alaska
7368,603177,US,Alaska
7369,603177,US,Alaska
7370,603178,US,Alaska
7371,603178,US,Alaska
7372,603177,US,Alaska
7373,603177,US,Alaska
7374,603178,US,Alaska
7375,603177,US,Alaska
7376,610177,US,Alaska
7701,540166,US,Alaska
7702,540166,US,Alaska
7703,540166,US,Alaska
7704,540166,US,Alaska
7705,540167,US,Alaska
7706,543167,US,Alaska
7707,550167,US,Alaska
7800,573174,US,Alaska
7801,583174,US,Alaska
7802,583177,US,Alaska
7803,590177,US,Alaska
7804,590178,US,Alaska
7805,593178,US,Alaska
7806,600178,US,Alaska
9201,550163,US,Alaska
9202,553163,US,Alaska
9203,550165,US,Alaska
9204,553165,US,Alaska
9205,550166,US,Alaska
9206,553166,US,Alaska
9207,560161,US,Alaska
9208,563161,US,Alaska
9209,560163,US,Alaska
9210,563163,US,Alaska
9211,560165,US,Alaska
9212,563165,US,Alaska
9213,560167,US,Alaska
9214,563167,US,Alaska
9215,563168,US,Alaska
9216,563168,US,Alaska
9217,563170,US,Alaska
9218,563170,US,Alaska
9219,570159,US,Alaska
9220,573159,US,Alaska
9221,570161,US,Alaska
9222,573161,US,Alaska
9223,570163,US,Alaska
9224,573163,US,Alaska
9225,580159,US,Alaska
9226,583159,US,Alaska
9227,580161,US,Alaska
9228,583161,US,Alaska
923,6,US,California
924,6,US,California
925,6,US,California
926,6,US,California
927,6,US,California
928,6,US,California
929,6,US,California
930,6,US,California
9301,570165,US,Alaska
9302,573165,US,Alaska
9303,570167,US,Alaska
9304,573167,US,Alaska
9305,570168,US,Alaska
9306,573168,US,Alaska
9307,570170,US,Alaska
9308,573170,US,Alaska
9309,570172,US,Alaska
931,6,US,California
9310,573172,US,Alaska
9311,580163,US,Alaska
9312,583163,US,Alaska
9313,580165,US,Alaska
9314,583165,US,Alaska
9315,580167,US,Alaska
9316,583167,US,Alaska
9317,580169,US,Alaska
9318,583169,US,Alaska
9319,580171,US,Alaska
932,6,US,California
9320,583171,US,Alaska
9321,580172,US,Alaska
9322,583172,US,Alaska
9323,590165,US,Alaska
9324,593165,US,Alaska
9325,590167,US,Alaska
9326,593167,US,Alaska
9327,590163,US,Alaska
9328,590163,US,Alaska
933,6,US,California
934,6,US,California
935,6,US,California
936,6,US,California
937,6,US,California
938,6,US,California
939,6,US,California
940,6,US,California
9401,590169,US,Alaska
9402,593169,US,Alaska
9403,590171,US,Alaska
9404,593171,US,Alaska
9405,590173,US,Alaska
9406,593173,US,Alaska
9407,590175,US,Alaska
9408,593175,US,Alaska
9409,590177,US,Alaska
941,6,US,California
9410,593177,US,Alaska
9411,600167,US,Alaska
9412,603167,US,Alaska
9413,600169,US,Alaska
9414,603169,US,Alaska
9415,600171,US,Alaska
9416,603171,US,Alaska
9417,600173,US,Alaska
9418,603173,US,Alaska
9419,600175,US,Alaska
942,6,US,California
9420,603175,US,Alaska
9421,600177,US,Alaska
9422,603177,US,Alaska
9423,610171,US,Alaska
9424,613171,US,Alaska
9425,610173,US,Alaska
9426,613173,US,Alaska
9427,610175,US,Alaska
9428,613175,US,Alaska
9429,600165,US,Alaska
943,6,US,California
9430,600165,US,Alaska
944,6,US,California
945,6,US,California
9501,563169,US,Alaska
9502,563169,US,Alaska
9503,563169,US,Alaska
9504,563169,US,Alaska
9505,563169,US,Alaska
9506,563169,US,Alaska
9507,563169,US,Alaska
9508,563169,US,Alaska
9509,563169,US,Alaska
951,6,US,California
9510,563169,US,Alaska
9511,570170,US,Alaska
9512,570170,US,Alaska
9513,570170,US,Alaska
9514,570170,US,Alaska
9515,570170,US,Alaska
9516,570170,US,Alaska
9517,570170,US,Alaska
9518,570169,US,Alaska
9519,570170,US,Alaska
952,6,US,California
9520,570170,US,Alaska
9521,600172,US,Alaska
9522,600172,US,Alaska
9523,600172,US,Alaska
9524,600172,US,Alaska
9525,600173,US,Alaska
9526,603172,US,Alaska
9527,603172,US,Alaska
9528,603173,US,Alaska
953,7,US,California
9530,603172,US,Alaska
954,7,US,California
955,7,US,California
956,7,US,California
957,7,US,California
958,7,US,California
959,7,US,California
960,7,US,California
961,8,US,California
962,8,US,California
963,8,US,California
964,8,US,California
965,8,US,California
